style,tip
top:118px;left:267px;,"1st quarter, 11:26.0 remaining<br>Ousmane Dieng missed 2-pointer from 9 ft<br>Milwaukee trails 0-3"
top:58px;left:197px;,"1st quarter, 10:52.0 remaining<br>Gary Trent Jr. missed 2-pointer from 5 ft<br>Milwaukee trails 0-3"
top:122px;left:-1px;,"1st quarter, 10:46.0 remaining<br>Ryan Rollins missed 3-pointer from 26 ft<br>Milwaukee trails 0-3"
top:93px;left:248px;,"1st quarter, 10:12.0 remaining<br>Pete Nance made 2-pointer from 6 ft<br>Milwaukee now trails 2-3"
top:293px;left:175px;,"1st quarter, 9:51.0 remaining<br>Myles Turner missed 3-pointer from 27 ft<br>Milwaukee trails 2-5"
top:41px;left:231px;,"1st quarter, 9:05.0 remaining<br>Myles Turner made 2-pointer from 1 ft<br>Milwaukee now trails 4-6"
top:255px;left:95px;,"1st quarter, 8:28.0 remaining<br>Myles Turner missed 3-pointer from 27 ft<br>Milwaukee trails 4-9"
top:5px;left:382px;,"1st quarter, 7:52.0 remaining<br>Gary Trent Jr. made 2-pointer from 14 ft<br>Milwaukee now trails 6-11"
top:44px;left:231px;,"1st quarter, 7:21.0 remaining<br>Ousmane Dieng made 2-pointer from 2 ft<br>Milwaukee now trails 8-11"
top:42px;left:237px;,"1st quarter, 6:05.0 remaining<br>Ryan Rollins made 2-pointer from 1 ft<br>Milwaukee now trails 11-15"
top:296px;left:244px;,"1st quarter, 5:33.0 remaining<br>Ryan Rollins missed 3-pointer from 27 ft<br>Milwaukee trails 11-18"
top:296px;left:236px;,"1st quarter, 5:09.0 remaining<br>Myles Turner made 3-pointer from 27 ft<br>Milwaukee now trails 14-21"
top:58px;left:226px;,"1st quarter, 4:33.0 remaining<br>Ousmane Dieng missed 2-pointer from 3 ft<br>Milwaukee trails 14-21"
top:127px;left:367px;,"1st quarter, 4:19.0 remaining<br>Ousmane Dieng made 2-pointer from 16 ft<br>Milwaukee now trails 16-21"
top:188px;left:339px;,"1st quarter, 3:35.0 remaining<br>Myles Turner missed 2-pointer from 19 ft<br>Milwaukee trails 16-24"
top:108px;left:285px;,"1st quarter, 3:05.0 remaining<br>Taurean Prince missed 2-pointer from 9 ft<br>Milwaukee trails 16-26"
top:278px;left:176px;,"1st quarter, 2:58.0 remaining<br>Ryan Rollins missed 3-pointer from 26 ft<br>Milwaukee trails 16-26"
top:167px;left:236px;,"1st quarter, 2:10.0 remaining<br>Jericho Sims made 2-pointer from 14 ft<br>Milwaukee now trails 18-29"
top:134px;left:145px;,"1st quarter, 1:17.0 remaining<br>Ryan Rollins made 2-pointer from 14 ft<br>Milwaukee now trails 22-31"
top:55px;left:3px;,"1st quarter, 0:49.0 remaining<br>Taurean Prince missed 3-pointer from 24 ft<br>Milwaukee trails 22-33"
top:143px;left:30px;,"1st quarter, 0:05.0 remaining<br>Taurean Prince missed 3-pointer from 24 ft<br>Milwaukee trails 22-37"
top:31px;left:240px;,"1st quarter, 0:03.0 remaining<br>Jericho Sims missed 2-pointer from 0 ft<br>Milwaukee trails 22-37"
top:31px;left:240px;,"1st quarter, 0:01.0 remaining<br>Jericho Sims made 2-pointer from 0 ft<br>Milwaukee now trails 24-37"
top:253px;left:371px;,"2nd quarter, 11:41.0 remaining<br>Andre Jackson Jr. missed 3-pointer from 26 ft<br>Milwaukee trails 24-37"
top:260px;left:249px;,"2nd quarter, 11:11.0 remaining<br>Ousmane Dieng missed 2-pointer from 23 ft<br>Milwaukee trails 24-39"
top:198px;left:66px;,"2nd quarter, 10:09.0 remaining<br>Ousmane Dieng missed 3-pointer from 24 ft<br>Milwaukee trails 24-42"
top:296px;left:230px;,"2nd quarter, 9:40.0 remaining<br>Ousmane Dieng missed 3-pointer from 27 ft<br>Milwaukee trails 24-44"
top:249px;left:404px;,"2nd quarter, 8:55.0 remaining<br>Taurean Prince made 3-pointer from 27 ft<br>Milwaukee now trails 27-46"
top:62px;left:267px;,"2nd quarter, 8:22.0 remaining<br>Ryan Rollins missed 2-pointer from 4 ft<br>Milwaukee trails 27-49"
top:272px;left:363px;,"2nd quarter, 8:01.0 remaining<br>Ryan Rollins missed 3-pointer from 27 ft<br>Milwaukee trails 27-49"
top:152px;left:253px;,"2nd quarter, 7:26.0 remaining<br>Myles Turner missed 2-pointer from 12 ft<br>Milwaukee trails 27-49"
top:124px;left:382px;,"2nd quarter, 7:03.0 remaining<br>Ryan Rollins made 2-pointer from 17 ft<br>Milwaukee now trails 29-49"
top:37px;left:4px;,"2nd quarter, 6:27.0 remaining<br>Pete Nance missed 3-pointer from 24 ft<br>Milwaukee trails 29-49"
top:247px;left:113px;,"2nd quarter, 5:46.0 remaining<br>Gary Trent Jr. missed 3-pointer from 25 ft<br>Milwaukee trails 29-51"
top:43px;left:244px;,"2nd quarter, 5:17.0 remaining<br>Ryan Rollins missed 2-pointer from 1 ft<br>Milwaukee trails 29-51"
top:218px;left:425px;,"2nd quarter, 4:53.0 remaining<br>Ryan Rollins missed 3-pointer from 26 ft<br>Milwaukee trails 29-54"
top:218px;left:202px;,"2nd quarter, 4:25.0 remaining<br>Gary Trent Jr. made 2-pointer from 19 ft<br>Milwaukee now trails 31-56"
top:28px;left:246px;,"2nd quarter, 4:03.0 remaining<br>Gary Trent Jr. made 2-pointer from 1 ft<br>Milwaukee now trails 33-56"
top:188px;left:449px;,"2nd quarter, 3:33.0 remaining<br>A.J. Green missed 3-pointer from 26 ft<br>Milwaukee trails 33-59"
top:174px;left:247px;,"2nd quarter, 3:08.0 remaining<br>Ousmane Dieng made 2-pointer from 14 ft<br>Milwaukee now trails 35-61"
top:139px;left:247px;,"2nd quarter, 2:40.0 remaining<br>Jericho Sims missed 2-pointer from 11 ft<br>Milwaukee trails 35-63"
top:50px;left:237px;,"2nd quarter, 2:15.0 remaining<br>Jericho Sims made 2-pointer from 2 ft<br>Milwaukee now trails 37-63"
top:122px;left:342px;,"2nd quarter, 1:41.0 remaining<br>Gary Trent Jr. made 2-pointer from 14 ft<br>Milwaukee now trails 39-65"
top:58px;left:9px;,"2nd quarter, 1:10.0 remaining<br>A.J. Green made 3-pointer from 23 ft<br>Milwaukee now trails 42-67"
top:277px;left:275px;,"2nd quarter, 0:41.0 remaining<br>Gary Trent Jr. made 3-pointer from 25 ft<br>Milwaukee now trails 45-67"
top:179px;left:382px;,"2nd quarter, 0:05.0 remaining<br>Ousmane Dieng missed 2-pointer from 21 ft<br>Milwaukee trails 45-67"
top:37px;left:-4px;,"2nd quarter, 0:00.0 remaining<br>Myles Turner missed 3-pointer from 24 ft<br>Milwaukee trails 45-67"
top:285px;left:169px;,"3rd quarter, 11:46.0 remaining<br>Myles Turner made 3-pointer from 26 ft<br>Milwaukee now trails 48-67"
top:174px;left:16px;,"3rd quarter, 11:02.0 remaining<br>Gary Trent Jr. made 3-pointer from 27 ft<br>Milwaukee now trails 51-67"
top:95px;left:197px;,"3rd quarter, 10:11.0 remaining<br>Ryan Rollins missed 2-pointer from 8 ft<br>Milwaukee trails 51-69"
top:156px;left:152px;,"3rd quarter, 9:51.0 remaining<br>Ryan Rollins made 2-pointer from 15 ft<br>Milwaukee now trails 53-71"
top:261px;left:233px;,"3rd quarter, 9:28.0 remaining<br>Gary Trent Jr. made 2-pointer from 23 ft<br>Milwaukee now trails 55-71"
top:13px;left:472px;,"3rd quarter, 9:03.0 remaining<br>Pete Nance made 3-pointer from 23 ft<br>Milwaukee now trails 58-71"
top:241px;left:67px;,"3rd quarter, 8:25.0 remaining<br>Ryan Rollins missed 3-pointer from 27 ft<br>Milwaukee trails 58-73"
top:193px;left:426px;,"3rd quarter, 8:02.0 remaining<br>Myles Turner made 3-pointer from 25 ft<br>Milwaukee now trails 61-75"
top:58px;left:0px;,"3rd quarter, 6:57.0 remaining<br>Gary Trent Jr. missed 3-pointer from 24 ft<br>Milwaukee trails 62-80"
top:43px;left:51px;,"3rd quarter, 6:47.0 remaining<br>Ousmane Dieng missed 2-pointer from 19 ft<br>Milwaukee trails 62-80"
top:8px;left:466px;,"3rd quarter, 6:28.0 remaining<br>Myles Turner missed 3-pointer from 23 ft<br>Milwaukee trails 62-80"
top:310px;left:173px;,"3rd quarter, 6:00.0 remaining<br>Myles Turner made 3-pointer from 29 ft<br>Milwaukee now trails 65-80"
top:65px;left:14px;,"3rd quarter, 4:21.0 remaining<br>Ousmane Dieng made 3-pointer from 23 ft<br>Milwaukee now trails 68-88"
top:143px;left:182px;,"3rd quarter, 3:58.0 remaining<br>Ryan Rollins made 2-pointer from 13 ft<br>Milwaukee now trails 70-90"
top:162px;left:336px;,"3rd quarter, 3:31.0 remaining<br>Gary Trent Jr. made 2-pointer from 16 ft<br>Milwaukee now trails 72-92"
top:237px;left:374px;,"3rd quarter, 2:53.0 remaining<br>Ryan Rollins missed 3-pointer from 25 ft<br>Milwaukee trails 72-94"
top:56px;left:4px;,"3rd quarter, 2:08.0 remaining<br>Andre Jackson Jr. made 3-pointer from 24 ft<br>Milwaukee now trails 75-97"
top:19px;left:461px;,"3rd quarter, 1:21.0 remaining<br>Andre Jackson Jr. made 3-pointer from 22 ft<br>Milwaukee now trails 78-100"
top:65px;left:9px;,"3rd quarter, 0:51.0 remaining<br>Andre Jackson Jr. missed 3-pointer from 23 ft<br>Milwaukee trails 78-102"
top:247px;left:367px;,"3rd quarter, 0:39.0 remaining<br>Taurean Prince missed 3-pointer from 25 ft<br>Milwaukee trails 78-102"
top:283px;left:225px;,"4th quarter, 11:33.0 remaining<br>A.J. Green missed 3-pointer from 25 ft<br>Milwaukee trails 79-104"
top:174px;left:190px;,"4th quarter, 11:07.0 remaining<br>Andre Jackson Jr. missed 2-pointer from 15 ft<br>Milwaukee trails 79-106"
top:208px;left:33px;,"4th quarter, 10:49.0 remaining<br>Andre Jackson Jr. missed 3-pointer from 27 ft<br>Milwaukee trails 79-106"
top:22px;left:472px;,"4th quarter, 10:19.0 remaining<br>A.J. Green missed 3-pointer from 23 ft<br>Milwaukee trails 79-109"
top:19px;left:471px;,"4th quarter, 8:47.0 remaining<br>Myles Turner missed 3-pointer from 23 ft<br>Milwaukee trails 79-113"
top:188px;left:30px;,"4th quarter, 8:29.0 remaining<br>Taurean Prince missed 3-pointer from 26 ft<br>Milwaukee trails 79-113"
top:133px;left:104px;,"4th quarter, 7:57.0 remaining<br>Ousmane Dieng missed 2-pointer from 17 ft<br>Milwaukee trails 79-113"
top:39px;left:234px;,"4th quarter, 7:28.0 remaining<br>Ousmane Dieng made 2-pointer from 1 ft<br>Milwaukee now trails 81-113"
top:284px;left:250px;,"4th quarter, 6:52.0 remaining<br>Ousmane Dieng missed 3-pointer from 25 ft<br>Milwaukee trails 81-114"
top:90px;left:10px;,"4th quarter, 6:21.0 remaining<br>A.J. Green made 3-pointer from 24 ft<br>Milwaukee now trails 84-116"
top:37px;left:468px;,"4th quarter, 5:33.0 remaining<br>Cormac Ryan missed 3-pointer from 23 ft<br>Milwaukee trails 84-119"
top:104px;left:461px;,"4th quarter, 4:39.0 remaining<br>Andre Jackson Jr. missed 3-pointer from 23 ft<br>Milwaukee trails 84-120"
top:88px;left:302px;,"4th quarter, 3:36.0 remaining<br>Andre Jackson Jr. made 2-pointer from 8 ft<br>Milwaukee now trails 86-122"
top:216px;left:36px;,"4th quarter, 3:09.0 remaining<br>Andre Jackson Jr. made 3-pointer from 28 ft<br>Milwaukee now trails 89-122"
top:247px;left:366px;,"4th quarter, 2:24.0 remaining<br>A.J. Green missed 3-pointer from 25 ft<br>Milwaukee trails 89-122"
top:178px;left:177px;,"4th quarter, 2:18.0 remaining<br>Cormac Ryan missed 2-pointer from 16 ft<br>Milwaukee trails 89-122"
top:147px;left:18px;,"4th quarter, 1:56.0 remaining<br>Taurean Prince missed 3-pointer from 25 ft<br>Milwaukee trails 89-123"
top:51px;left:247px;,"4th quarter, 1:54.0 remaining<br>Jericho Sims made 2-pointer from 2 ft<br>Milwaukee now trails 91-123"
top:49px;left:244px;,"4th quarter, 1:13.0 remaining<br>Taurean Prince made 2-pointer from 2 ft<br>Milwaukee now trails 93-125"
top:63px;left:240px;,"4th quarter, 0:42.0 remaining<br>Jericho Sims made 2-pointer from 3 ft<br>Milwaukee now trails 95-127"
